operation,gcstats,flag,bytes,gctime,i,time
MinistryOfCoolWalks.add_shadow_intervals!,"Base.GC_Diff(649655832, 0, 0, 12755824, 95, 67, 106743915, 3, 0)",reconstruct,649655832,0.106743915,1,1.434686708
MinistryOfCoolWalks.add_shadow_intervals!,"Base.GC_Diff(649654208, 0, 0, 12755822, 95, 67, 277806626, 3, 0)",reconstruct,649654208,0.277806626,2,1.709535417
MinistryOfCoolWalks.add_shadow_intervals!,"Base.GC_Diff(649654376, 0, 0, 12755822, 95, 67, 190732542, 3, 0)",reconstruct,649654376,0.190732542,3,1.712524709
MinistryOfCoolWalks.add_shadow_intervals!,"Base.GC_Diff(649655224, 0, 0, 12755822, 95, 5, 57730124, 2, 0)",reconstruct,649655224,0.057730124,4,1.333897041
MinistryOfCoolWalks.add_shadow_intervals!,"Base.GC_Diff(649656168, 0, 0, 12755824, 95, 67, 91035542, 3, 0)",reconstruct,649656168,0.091035542,5,1.352835542
MinistryOfCoolWalks.add_shadow_intervals!,"Base.GC_Diff(649655280, 0, 0, 12755822, 95, 67, 70735709, 3, 0)",reconstruct,649655280,0.070735709,6,1.330033208
MinistryOfCoolWalks.add_shadow_intervals!,"Base.GC_Diff(649655224, 0, 0, 12755822, 95, 67, 80952167, 3, 0)",reconstruct,649655224,0.080952167,7,1.334848959
MinistryOfCoolWalks.add_shadow_intervals!,"Base.GC_Diff(649655224, 0, 0, 12755822, 95, 67, 108871834, 3, 0)",reconstruct,649655224,0.108871834,8,1.437518375
MinistryOfCoolWalks.add_shadow_intervals!,"Base.GC_Diff(649655288, 0, 0, 12755822, 95, 67, 56712125, 2, 0)",reconstruct,649655288,0.056712125,9,1.306213042
MinistryOfCoolWalks.add_shadow_intervals!,"Base.GC_Diff(649655224, 0, 0, 12755822, 95, 25, 134705541, 2, 0)",reconstruct,649655224,0.134705541,10,1.584289292
MinistryOfCoolWalks.add_shadow_intervals!,"Base.GC_Diff(649654544, 0, 0, 12755822, 95, 71, 315868416, 3, 0)",reconstruct,649654544,0.315868416,11,1.837054833
MinistryOfCoolWalks.add_shadow_intervals!,"Base.GC_Diff(649655496, 0, 0, 12755823, 95, 67, 164954958, 3, 0)",reconstruct,649655496,0.164954958,12,1.449255167
MinistryOfCoolWalks.add_shadow_intervals!,"Base.GC_Diff(649661448, 0, 0, 12755866, 95, 67, 430160417, 2, 0)",reconstruct,649661448,0.430160417,13,2.801981166
MinistryOfCoolWalks.add_shadow_intervals!,"Base.GC_Diff(649655232, 0, 0, 12755822, 95, 67, 64280834, 2, 0)",reconstruct,649655232,0.064280834,14,1.347852208
MinistryOfCoolWalks.add_shadow_intervals!,"Base.GC_Diff(649655880, 0, 0, 12755824, 95, 87, 86481374, 3, 0)",reconstruct,649655880,0.086481374,15,1.379611875
MinistryOfCoolWalks.add_shadow_intervals!,"Base.GC_Diff(649654960, 0, 0, 12755822, 95, 67, 66906084, 2, 0)",reconstruct,649654960,0.066906084,16,1.457671417
MinistryOfCoolWalks.add_shadow_intervals!,"Base.GC_Diff(649662192, 0, 0, 12755866, 95, 39, 579679584, 2, 0)",reconstruct,649662192,0.579679584,17,2.885515417
MinistryOfCoolWalks.add_shadow_intervals!,"Base.GC_Diff(649654384, 0, 0, 12755822, 95, 71, 232026501, 3, 0)",reconstruct,649654384,0.232026501,18,1.611351709
MinistryOfCoolWalks.add_shadow_intervals!,"Base.GC_Diff(649655840, 0, 0, 12755824, 95, 67, 112159917, 2, 0)",reconstruct,649655840,0.112159917,19,1.64604325
MinistryOfCoolWalks.add_shadow_intervals!,"Base.GC_Diff(649654208, 0, 0, 12755822, 95, 87, 345422667, 3, 0)",reconstruct,649654208,0.345422667,20,2.035256083
MinistryOfCoolWalks.add_shadow_intervals!,"Base.GC_Diff(649655000, 0, 0, 12755822, 95, 67, 74722416, 2, 0)",reconstruct,649655000,0.074722416,21,1.417139
MinistryOfCoolWalks.add_shadow_intervals!,"Base.GC_Diff(649663200, 0, 0, 12755867, 95, 87, 506725667, 2, 0)",reconstruct,649663200,0.506725667,22,2.992893625
MinistryOfCoolWalks.add_shadow_intervals!,"Base.GC_Diff(649654208, 0, 0, 12755822, 95, 67, 171118958, 2, 0)",reconstruct,649654208,0.171118958,23,1.686401834
MinistryOfCoolWalks.add_shadow_intervals!,"Base.GC_Diff(649654384, 0, 0, 12755822, 95, 87, 161295416, 2, 0)",reconstruct,649654384,0.161295416,24,1.908703625
MinistryOfCoolWalks.add_shadow_intervals!,"Base.GC_Diff(649653904, 0, 0, 12755821, 95, 87, 439593208, 3, 0)",reconstruct,649653904,0.439593208,25,1.9266445
MinistryOfCoolWalks.add_shadow_intervals!,"Base.GC_Diff(649656112, 0, 0, 12755824, 95, 67, 67894916, 2, 0)",reconstruct,649656112,0.067894916,26,1.346592292
MinistryOfCoolWalks.add_shadow_intervals!,"Base.GC_Diff(649655232, 0, 0, 12755822, 95, 87, 64505666, 2, 0)",reconstruct,649655232,0.064505666,27,1.347961167
MinistryOfCoolWalks.add_shadow_intervals!,"Base.GC_Diff(649655232, 0, 0, 12755822, 95, 49, 65349875, 2, 0)",reconstruct,649655232,0.065349875,28,1.355908
MinistryOfCoolWalks.add_shadow_intervals!,"Base.GC_Diff(649656112, 0, 0, 12755824, 95, 71, 60152958, 2, 0)",reconstruct,649656112,0.060152958,29,1.326403625
MinistryOfCoolWalks.add_shadow_intervals!,"Base.GC_Diff(649655232, 0, 0, 12755822, 95, 87, 64754999, 2, 0)",reconstruct,649655232,0.064754999,30,1.331965083
MinistryOfCoolWalks.add_shadow_intervals!,"Base.GC_Diff(648858840, 0, 0, 12742123, 95, 67, 65639708, 2, 0)",buffer,648858840,0.065639708,1,1.321755541
MinistryOfCoolWalks.add_shadow_intervals!,"Base.GC_Diff(648859728, 0, 0, 12742125, 95, 87, 62175709, 2, 0)",buffer,648859728,0.062175709,2,1.327402875
MinistryOfCoolWalks.add_shadow_intervals!,"Base.GC_Diff(648858512, 0, 0, 12742123, 95, 87, 127177083, 2, 0)",buffer,648858512,0.127177083,3,1.459100083
MinistryOfCoolWalks.add_shadow_intervals!,"Base.GC_Diff(648858904, 0, 0, 12742123, 95, 5, 63870500, 2, 0)",buffer,648858904,0.0638705,4,1.318860917
MinistryOfCoolWalks.add_shadow_intervals!,"Base.GC_Diff(648859720, 0, 0, 12742125, 95, 67, 61546417, 2, 0)",buffer,648859720,0.061546417,5,1.327132125
MinistryOfCoolWalks.add_shadow_intervals!,"Base.GC_Diff(648858848, 0, 0, 12742123, 95, 87, 69296667, 2, 0)",buffer,648858848,0.069296667,6,1.359346125
MinistryOfCoolWalks.add_shadow_intervals!,"Base.GC_Diff(648858256, 0, 0, 12742123, 95, 87, 177039333, 2, 0)",buffer,648858256,0.177039333,7,1.716522041
MinistryOfCoolWalks.add_shadow_intervals!,"Base.GC_Diff(648857824, 0, 0, 12742123, 95, 87, 667649500, 2, 0)",buffer,648857824,0.6676495,8,2.420678292
MinistryOfCoolWalks.add_shadow_intervals!,"Base.GC_Diff(648858840, 0, 0, 12742125, 95, 87, 224704625, 2, 0)",buffer,648858840,0.224704625,9,1.597488167
MinistryOfCoolWalks.add_shadow_intervals!,"Base.GC_Diff(648858848, 0, 0, 12742123, 95, 5, 189185541, 2, 0)",buffer,648858848,0.189185541,10,1.521527834
MinistryOfCoolWalks.add_shadow_intervals!,"Base.GC_Diff(648858568, 0, 0, 12742123, 95, 67, 84858250, 2, 0)",buffer,648858568,0.08485825,11,1.419626958
MinistryOfCoolWalks.add_shadow_intervals!,"Base.GC_Diff(648858512, 0, 0, 12742123, 95, 87, 1556002375, 2, 1)",buffer,648858512,1.556002375,12,2.941116042
MinistryOfCoolWalks.add_shadow_intervals!,"Base.GC_Diff(648858704, 0, 0, 12742125, 95, 924, 1304470000, 2, 1)",buffer,648858704,1.30447,13,3.100526417
MinistryOfCoolWalks.add_shadow_intervals!,"Base.GC_Diff(648858256, 0, 0, 12742123, 95, 87, 181698832, 4, 0)",buffer,648858256,0.181698832,14,1.5321315
MinistryOfCoolWalks.add_shadow_intervals!,"Base.GC_Diff(648858768, 0, 0, 12742123, 95, 67, 86817250, 4, 0)",buffer,648858768,0.08681725,15,1.3937735
MinistryOfCoolWalks.add_shadow_intervals!,"Base.GC_Diff(648858568, 0, 0, 12742123, 95, 67, 108066792, 4, 0)",buffer,648858568,0.108066792,16,1.420831125
MinistryOfCoolWalks.add_shadow_intervals!,"Base.GC_Diff(648858568, 0, 0, 12742123, 95, 67, 131412834, 4, 0)",buffer,648858568,0.131412834,17,1.41460825
MinistryOfCoolWalks.add_shadow_intervals!,"Base.GC_Diff(648858848, 0, 0, 12742123, 95, 67, 83884459, 3, 0)",buffer,648858848,0.083884459,18,1.363713125
MinistryOfCoolWalks.add_shadow_intervals!,"Base.GC_Diff(648858568, 0, 0, 12742123, 95, 67, 111711041, 4, 0)",buffer,648858568,0.111711041,19,1.420537583
MinistryOfCoolWalks.add_shadow_intervals!,"Base.GC_Diff(648859448, 0, 0, 12742125, 95, 67, 122621542, 3, 0)",buffer,648859448,0.122621542,20,1.399442375
MinistryOfCoolWalks.add_shadow_intervals!,"Base.GC_Diff(648858840, 0, 0, 12742123, 95, 67, 104797292, 4, 0)",buffer,648858840,0.104797292,21,1.352609791
MinistryOfCoolWalks.add_shadow_intervals!,"Base.GC_Diff(648858224, 0, 0, 12742123, 95, 67, 146492375, 3, 0)",buffer,648858224,0.146492375,22,1.557835542
MinistryOfCoolWalks.add_shadow_intervals!,"Base.GC_Diff(648858768, 0, 0, 12742123, 95, 67, 77074085, 3, 0)",buffer,648858768,0.077074085,23,1.340791583
MinistryOfCoolWalks.add_shadow_intervals!,"Base.GC_Diff(648859728, 0, 0, 12742125, 95, 5, 91460666, 3, 0)",buffer,648859728,0.091460666,24,1.376734209
MinistryOfCoolWalks.add_shadow_intervals!,"Base.GC_Diff(648858568, 0, 0, 12742123, 95, 67, 169706749, 3, 0)",buffer,648858568,0.169706749,25,1.49574725
MinistryOfCoolWalks.add_shadow_intervals!,"Base.GC_Diff(648858568, 0, 0, 12742123, 95, 67, 213445542, 3, 0)",buffer,648858568,0.213445542,26,1.579360709
MinistryOfCoolWalks.add_shadow_intervals!,"Base.GC_Diff(648858568, 0, 0, 12742123, 95, 67, 161829250, 3, 0)",buffer,648858568,0.16182925,27,1.5045585
MinistryOfCoolWalks.add_shadow_intervals!,"Base.GC_Diff(648859480, 0, 0, 12742124, 95, 67, 157879417, 3, 0)",buffer,648859480,0.157879417,28,1.483193042
MinistryOfCoolWalks.add_shadow_intervals!,"Base.GC_Diff(648858248, 0, 0, 12742123, 95, 67, 167844915, 3, 0)",buffer,648858248,0.167844915,29,1.598707625
MinistryOfCoolWalks.add_shadow_intervals!,"Base.GC_Diff(648858040, 0, 0, 12742123, 95, 67, 205684917, 3, 0)",buffer,648858040,0.205684917,30,1.551689541
